index,CRIM,ZN,INDUS,NOX,RM,AGE,DIS,RAD,TAX,PTRATIO,LSTAT
302,0.0819,34.0,6.09,0.433,6.495,18.4,5.4917,7,329,16.1,8.67
66,0.04379,80.0,3.37,0.398,5.787,31.1,6.6115,4,337,16.1,10.24
440,6.89895,12.5,18.1,0.74,5.818,92.4,1.8662,24,666,20.2,12.715432098765431

